61,32,58,37,1,65,81,48,62,46,14,1,53,16,88,42,67,95,20,99,48,29,11,53,86,28,69,96,70,38,54,69,32,2,82,81,52,87,61,62,96,38,66,24,76,23,87,96,64,57,49,5,91,62,57,23,46,39,13,55,67,48,58,93,16,34,43,34,44,83,19,67,43,37,71,86,19,51,66,24,44,45,93,2,36,77,94,64,90,19,19,37,26,1,6,83,94,40,90,82,79
69,28,47,26,93,3,70,74,97,51,1,92,85,36,85,67,94,69,90,85,10,34,59,62,69,96,90,35,83,13,93,66,70,66,41,41,79,76,14,6,7,10,48,81,57,55,24,36,28,56,11,77,48,24,3,26,56,36,57,29,73,25,57,61,49,3,99,72,95,71,96,49,73,10,18,43,66,89,42,73,49,28,86,31,45,20,92,93,28,74,25,45,46,59,16,87,73,10,28,76,79
82,2,37,90,1,35,46,22,99,46,47,16,78,68,98,97,72,23,45,40,94,71,67,6,89,32,58,54,40,28,49,2,62,97,100,79,95,37,13,81,86,18,24,67,38,43,8,84,27,4,14,96,68,42,86,79,39,38,98,53,81,27,57,1,100,76,15,74,15,3,78,42,12,91,47,26,22,67,21,90,90,2,26,64,45,15,34,100,90,99,24,75,4,67,75,48,93,10,79,20,83
19,98,66,1,10,8,86,73,78,35,90,16,21,21,99,64,2,53,31,79,88,96,75,28,45,91,29,91,43,53,64,47,48,53,76,84,98,36,17,16,100,29,35,71,31,47,15,42,78,79,70,64,8,32,0,28,91,54,44,65,77,16,60,65,79,44,91,36,73,47,76,27,35,42,52,12,75,35,79,80,11,40,43,14,91,60,66,84,66,49,32,27,3,73,37,59,29,26,70,86,18
47,36,98,50,44,15,3,77,62,79,29,58,66,30,52,88,67,70,99,42,80,22,6,0,88,26,6,42,97,72,69,90,57,52,75,41,79,94,51,83,18,55,40,91,22,35,58,45,28,23,23,44,40,41,20,69,48,21,4,100,96,100,56,67,97,95,18,78,50,64,84,36,57,66,45,11,36,96,36,19,98,2,71,35,15,70,29,80,21,25,82,90,91,81,17,34,7,66,55,89,24
2,96,23,97,83,77,61,4,9,33,62,44,12,67,89,55,48,26,49,42,71,49,14,93,60,9,44,81,65,50,9,47,64,1,82,7,11,71,47,16,16,4,35,82,46,2,83,51,54,92,8,67,13,23,37,13,24,72,37,94,21,98,13,66,13,12,64,52,89,48,50,55,55,21,18,80,64,91,64,65,69,76,49,94,7,93,4,79,31,68,55,80,61,100,65,34,24,50,64,58,43
38,54,21,42,26,37,67,57,63,75,56,65,16,25,82,90,29,3,25,26,29,78,17,32,10,16,65,21,30,20,44,46,0,73,38,19,68,14,32,69,92,78,52,50,62,80,14,73,31,14,34,8,69,95,87,28,85,43,52,100,26,17,52,100,53,53,55,75,14,86,2,79,79,40,5,17,54,93,23,31,1,29,91,22,51,4,46,14,88,26,67,30,45,68,66,9,48,45,24,72,25
56,69,13,94,66,71,75,93,62,59,94,92,91,66,92,50,19,29,43,31,25,72,58,23,6,65,44,72,75,91,47,19,16,41,81,93,63,53,42,12,94,71,19,3,11,72,48,77,62,77,49,6,68,7,61,2,40,4,100,31,75,70,46,40,9,46,32,70,21,76,43,12,71,1,32,76,66,69,2,47,89,1,16,80,36,80,20,16,10,33,48,3,42,41,28,68,2,40,22,21,4
82,86,72,65,8,59,67,57,1,65,80,61,14,31,98,32,28,99,23,100,7,33,94,74,62,67,16,34,3,38,26,18,55,6,61,71,67,98,14,68,83,58,17,100,85,24,34,11,100,79,88,69,40,1,10,66,97,7,83,37,45,88,15,78,26,5,59,2,6,48,75,0,21,46,30,57,6,19,6,33,65,56,24,56,89,52,14,99,96,93,21,57,26,68,66,96,2,10,76,95,16
72,39,11,90,66,99,0,10,17,71,44,82,20,76,44,34,84,11,34,20,1,96,57,38,40,83,57,93,2,88,26,55,27,29,28,29,93,78,55,0,46,12,94,60,27,11,58,48,25,44,34,97,73,11,96,73,50,75,67,77,71,21,44,51,53,37,95,6,45,53,37,66,81,36,7,54,63,59,28,14,19,97,93,59,51,82,72,54,29,46,8,92,89,56,21,79,75,35,33,12,55
21,2,76,43,75,15,61,100,69,8,62,21,37,90,85,62,43,15,95,15,23,64,33,8,75,69,15,65,19,54,68,89,53,75,99,6,30,77,40,34,22,83,48,100,30,38,40,5,68,93,15,12,52,93,47,97,17,58,97,9,54,44,24,66,35,65,87,89,70,54,53,71,39,52,83,53,96,28,10,23,89,42,53,26,46,100,56,56,71,29,48,10,57,56,93,34,60,77,8,18,43
88,79,89,17,100,98,11,35,22,5,52,21,54,99,65,8,77,12,28,60,4,54,42,38,96,22,17,23,21,37,25,4,39,46,47,30,6,28,60,5,13,82,98,21,22,4,86,3,99,97,86,13,69,76,100,57,11,28,47,36,80,52,77,13,0,12,35,94,50,94,39,44,4,41,8,44,55,19,3,98,66,37,96,29,32,31,56,83,48,79,5,28,53,5,87,49,49,21,94,29,88
54,59,85,95,21,87,24,27,69,42,100,8,60,57,16,65,33,51,14,86,9,96,27,15,37,79,26,66,88,69,32,62,14,41,68,86,82,6,14,71,96,63,48,62,14,88,73,59,38,30,68,91,97,90,26,8,51,82,14,10,91,34,74,99,66,57,58,80,43,96,76,7,56,73,39,97,54,59,88,92,49,18,21,46,52,70,89,23,48,59,89,65,92,19,51,76,14,8,79,7,48
13,37,81,74,89,98,15,22,54,37,52,90,25,28,96,84,58,41,51,59,18,23,84,33,94,21,39,41,86,38,88,49,8,97,62,82,80,72,18,4,81,71,65,85,52,88,55,73,77,47,40,39,59,67,88,88,57,4,41,65,96,52,55,97,0,46,90,27,11,32,86,76,32,78,11,91,21,20,57,3,67,91,8,69,10,41,99,86,87,25,49,95,97,95,53,32,22,95,56,24,89
6,48,75,38,38,1,99,44,93,99,93,4,91,22,34,53,8,7,36,17,67,53,51,63,10,92,81,64,47,61,99,88,49,62,98,40,15,70,2,74,59,18,8,16,71,86,89,39,36,5,95,15,54,44,41,45,63,93,96,65,81,93,50,70,85,23,35,35,84,30,92,40,64,92,74,59,63,34,72,35,95,98,98,20,32,95,61,85,30,100,40,48,7,34,12,33,43,16,42,36,45
1,66,89,93,75,27,9,50,36,100,12,33,1,57,45,56,20,1,47,78,93,50,47,9,9,39,16,10,73,77,48,2,4,79,2,36,75,30,63,82,16,26,32,80,93,3,86,69,7,47,87,62,26,57,25,6,6,49,1,77,69,14,9,33,43,67,66,13,0,90,40,80,84,49,45,75,70,4,38,34,64,71,13,81,3,92,53,46,1,8,4,67,6,59,53,14,59,90,56,95,55
100,19,89,11,70,100,95,8,33,4,23,42,51,52,41,50,51,58,60,4,24,16,73,40,58,95,13,77,53,94,78,81,54,75,67,74,35,14,71,28,59,36,51,94,44,25,33,62,10,70,95,20,20,55,77,95,50,16,85,25,51,42,94,45,75,66,12,94,27,20,33,56,17,30,99,19,14,72,31,97,14,54,19,12,69,94,24,23,43,81,38,18,28,73,58,22,8,100,99,21,62
22,3,15,34,50,86,65,68,38,67,32,0,56,83,35,94,73,81,6,72,60,91,98,100,38,19,15,37,1,77,7,37,65,98,37,99,26,11,71,60,18,46,71,57,33,100,24,82,44,75,73,60,44,99,39,93,19,84,85,14,72,25,12,57,43,37,15,40,8,89,27,48,71,25,4,61,51,15,19,16,10,41,68,74,50,83,58,47,61,92,36,42,24,14,92,62,1,95,50,46,98
21,18,86,84,18,61,17,29,91,47,47,54,69,71,30,87,33,5,65,29,37,26,60,91,57,96,78,27,41,85,59,46,1,63,68,47,66,85,20,34,19,92,72,82,15,58,27,2,43,0,74,98,16,61,35,61,31,20,9,17,34,2,57,4,14,84,97,32,95,51,27,64,83,36,95,80,34,46,24,12,6,49,3,9,7,34,29,86,41,76,54,16,87,100,63,81,1,90,32,3,8
73,23,31,36,38,93,54,18,96,25,77,70,85,6,71,57,54,83,40,62,58,80,12,3,10,66,55,57,11,79,97,4,77,80,54,49,27,11,5,82,10,17,42,2,16,21,83,99,33,8,19,24,58,0,13,98,65,86,0,47,54,33,75,63,83,61,63,98,82,46,28,77,87,83,14,63,70,86,99,12,18,32,94,38,26,19,68,49,8,18,2,0,64,77,1,10,27,56,61,14,3
42,17,80,42,99,26,65,19,13,3,48,20,75,39,16,4,81,33,4,41,0,87,56,49,18,40,37,61,84,58,14,54,80,91,80,51,57,26,75,20,73,89,60,67,3,55,99,47,4,95,8,58,94,9,35,95,66,33,18,58,25,17,44,27,80,98,67,63,9,65,0,64,60,25,99,70,5,88,78,52,55,96,38,18,9,79,52,66,37,84,7,1,22,90,32,4,32,76,36,24,15
83,2,0,39,38,4,35,98,28,100,16,63,91,98,78,3,85,81,14,69,42,54,20,32,99,80,73,73,11,22,89,23,17,97,68,29,68,37,24,38,0,14,9,38,1,98,7,11,62,9,84,76,16,83,56,52,28,37,94,92,90,27,81,6,34,88,81,2,15,12,92,32,98,98,5,64,41,52,29,32,47,44,55,67,27,27,86,86,20,59,94,51,63,78,76,31,97,43,28,15,68
91,17,89,28,3,87,58,11,4,31,19,0,58,17,38,44,15,30,38,54,24,32,9,94,79,4,40,66,77,67,33,75,79,93,88,98,37,44,42,15,42,83,81,37,0,24,64,68,76,19,7,29,80,7,97,59,47,60,63,64,14,36,42,73,1,46,75,56,70,44,27,37,41,99,78,18,32,81,94,35,30,34,17,92,79,62,9,65,87,47,73,54,17,54,46,71,6,33,90,50,25
93,71,96,53,53,86,68,97,96,37,41,98,83,78,56,91,4,96,54,79,66,72,93,45,9,26,88,95,8,23,44,89,18,24,35,10,54,10,44,71,20,35,83,32,3,68,9,29,20,8,82,55,11,94,93,69,49,28,20,70,11,63,66,62,44,42,32,82,9,78,7,79,22,0,46,83,96,16,15,24,73,39,50,36,61,79,57,71,36,5,73,53,1,79,47,46,79,11,72,42,69
51,34,75,53,91,73,32,77,33,86,54,79,92,73,96,37,53,81,72,76,50,22,73,39,16,35,19,5,8,18,11,97,67,53,86,57,26,78,80,46,52,41,31,29,32,57,99,87,41,96,20,19,97,96,41,50,71,71,91,34,82,39,74,85,49,34,72,88,30,56,17,53,50,82,7,39,75,82,65,21,32,54,65,79,75,6,48,61,0,89,83,51,56,62,4,44,69,48,71,51,63
39,53,7,1,83,51,72,1,40,52,91,86,19,5,42,7,91,75,69,21,37,86,22,78,83,22,11,70,81,100,84,59,26,5,90,15,35,26,20,36,91,63,98,27,9,91,97,18,45,46,40,16,55,26,81,50,63,20,83,90,78,3,29,67,29,0,67,33,5,9,10,100,95,29,66,49,52,29,52,49,26,79,24,77,11,93,26,39,89,97,65,41,38,66,52,13,62,46,9,89,93
96,32,31,52,81,89,33,24,46,91,29,69,41,14,11,89,81,3,39,49,69,5,48,55,23,4,50,86,7,66,11,66,62,50,58,70,65,85,8,35,43,27,62,17,16,62,33,57,93,13,17,50,86,30,53,8,85,1,67,52,72,1,22,90,10,60,72,94,37,61,24,87,24,38,64,47,69,58,49,5,66,35,42,41,22,53,12,31,49,34,32,93,70,35,2,94,73,59,20,89,27
83,98,11,22,2,34,80,90,30,26,66,12,24,100,18,45,69,41,61,10,30,95,99,34,26,91,37,92,84,76,90,9,45,73,30,9,28,47,30,64,88,11,5,12,36,58,73,76,10,4,66,3,25,4,30,3,87,72,80,68,65,84,53,75,85,7,84,7,45,1,46,52,4,81,18,13,27,91,16,40,63,24,70,47,36,73,91,30,10,20,100,7,47,89,3,80,97,72,21,84,43
17,73,25,87,63,68,69,6,31,37,54,16,71,29,48,57,96,23,0,85,85,97,66,11,56,43,83,28,96,88,68,67,50,16,66,1,76,14,59,15,17,58,52,94,11,61,42,21,3,32,17,90,73,94,7,37,10,48,31,35,78,91,5,67,46,100,76,65,30,57,27,95,36,65,91,70,89,22,2,49,87,41,18,0,42,20,95,60,0,50,26,5,90,25,87,92,40,96,80,83,28
25,29,47,26,57,88,23,6,60,35,78,81,7,49,58,62,11,93,51,4,78,45,49,90,48,21,96,14,5,20,46,26,31,83,49,24,35,40,0,17,85,100,32,83,14,5,28,64,50,82,80,27,24,16,56,10,9,99,41,61,20,14,87,56,83,97,88,91,52,82,16,100,93,79,5,59,8,35,29,34,90,92,100,18,84,38,61,29,16,24,89,45,33,69,71,4,4,44,50,83,85
21,45,89,46,71,46,63,32,99,24,90,12,97,27,38,43,73,23,63,44,49,97,57,46,86,45,95,34,8,28,87,9,35,23,4,75,4,93,50,84,88,68,75,88,14,51,65,97,6,43,65,9,60,55,87,49,69,59,44,83,34,40,66,18,80,53,74,33,71,25,71,63,40,95,35,46,48,1,63,37,43,9,90,41,79,73,63,7,81,4,45,81,28,99,12,25,29,53,33,77,6
13,58,34,22,19,29,77,21,68,20,32,39,13,8,87,75,46,64,78,80,59,41,30,65,7,34,75,66,28,88,54,55,30,100,67,16,72,2,81,79,94,58,55,30,47,15,83,4,26,87,52,46,38,72,98,59,45,26,87,39,10,54,84,26,82,88,75,31,57,5,47,6,18,36,25,2,90,89,54,92,29,7,99,11,26,93,56,83,29,21,6,87,24,16,86,24,73,66,32,5,47
89,88,81,28,27,36,37,72,14,28,53,29,30,61,64,70,44,53,96,41,54,97,38,69,11,8,79,40,5,59,68,71,2,19,74,85,2,78,47,67,35,19,48,2,10,96,11,23,13,70,42,10,69,36,94,75,42,32,69,58,83,50,87,34,7,49,10,78,68,6,37,8,32,44,7,17,50,37,51,81,17,90,65,10,57,52,21,72,91,84,34,67,68,59,89,33,94,71,31,55,43
20,69,75,46,31,25,86,40,90,7,80,0,31,7,20,15,9,93,20,82,78,25,97,93,44,53,46,43,63,53,20,9,99,0,19,45,19,100,59,94,64,93,98,12,29,92,42,94,61,9,76,32,74,40,83,90,58,29,90,74,30,62,48,95,47,91,47,5,75,7,22,72,69,86,74,36,74,62,71,45,68,39,88,70,0,44,87,49,11,72,55,45,81,47,17,35,0,8,46,13,60
9,22,89,87,22,45,61,67,0,17,54,40,75,68,87,45,41,1,95,7,9,21,4,2,95,72,60,63,22,78,53,59,4,36,79,55,96,31,88,75,25,100,21,77,74,69,3,78,89,44,62,47,19,42,27,23,67,59,15,61,37,0,69,8,22,35,48,30,41,48,98,43,70,100,98,28,27,57,14,71,38,0,32,92,61,61,66,82,89,87,35,53,14,57,94,8,2,58,12,46,60
40,3,6,71,43,30,26,9,3,100,68,69,31,100,69,64,12,19,60,19,45,31,59,78,53,13,15,43,61,89,77,49,3,48,97,84,77,55,74,57,74,42,27,91,73,8,82,40,77,4,68,99,96,67,97,56,93,30,95,10,91,33,91,49,94,66,20,36,11,61,46,18,55,98,0,4,42,52,96,71,36,29,17,36,23,60,59,4,50,68,2,42,24,48,94,7,76,47,18,36,58
93,54,83,75,41,100,65,88,10,90,98,32,41,13,25,29,20,79,91,63,75,22,84,30,60,73,10,75,94,76,85,96,58,55,68,8,14,39,54,18,82,85,14,26,78,83,11,46,45,53,97,17,43,84,97,86,64,58,90,31,3,87,90,15,76,1,12,7,26,51,15,48,53,22,46,20,52,75,89,41,76,5,59,44,3,72,41,30,40,3,8,50,2,90,12,60,17,58,36,13,27
33,55,73,81,91,49,53,63,64,6,87,44,14,18,27,58,72,97,71,66,84,11,8,40,26,83,42,21,78,78,99,34,42,99,0,46,33,58,44,48,94,23,40,19,22,64,30,38,61,94,29,32,42,60,92,25,77,60,92,40,74,21,37,49,32,35,1,86,73,0,98,58,82,38,1,6,95,14,98,3,87,56,44,24,81,67,80,95,2,87,21,8,88,8,94,19,12,98,94,13,55
4,86,13,66,96,47,15,99,93,17,74,86,53,30,63,42,23,27,73,47,40,62,16,72,15,69,78,90,70,48,40,44,95,29,34,21,37,94,51,92,82,75,35,42,52,86,47,97,48,79,57,91,11,20,6,49,13,78,81,74,95,17,63,43,9,82,30,31,49,31,46,59,60,86,9,97,84,97,47,61,12,38,52,35,8,69,23,95,89,35,32,55,18,31,17,24,99,1,88,81,83
44,88,90,9,45,48,1,1,76,48,60,89,31,10,80,22,17,47,80,58,73,10,80,77,71,37,15,43,17,4,48,47,83,85,9,90,15,4,1,40,24,73,53,98,92,42,3,51,0,91,70,20,60,94,85,62,3,4,13,100,26,59,27,14,12,39,77,59,45,79,32,14,18,36,95,28,52,2,56,32,27,35,93,94,0,6,0,33,2,3,76,17,41,0,50,15,13,98,55,51,40
83,65,89,72,81,89,35,71,83,78,54,5,42,6,26,12,73,3,33,14,51,22,0,100,60,61,65,48,41,59,88,18,66,21,28,85,29,29,71,9,13,54,21,32,42,64,4,59,51,7,70,69,15,16,43,79,86,19,48,58,82,91,10,13,79,91,72,42,93,4,48,31,12,84,88,21,27,48,53,23,60,4,60,2,46,90,5,19,51,85,99,79,11,100,36,80,46,16,33,100,46
95,50,29,98,51,65,99,36,24,55,19,71,75,89,97,33,34,55,58,34,23,29,97,0,40,23,100,96,29,6,21,50,80,70,71,23,44,39,5,87,27,72,76,62,10,72,78,26,84,97,74,77,8,74,73,72,75,37,88,45,14,10,44,61,11,99,42,36,89,1,69,71,66,0,42,62,81,66,95,26,90,70,75,66,58,0,70,77,69,1,46,19,53,60,74,24,14,84,12,8,50
100,6,10,87,79,22,28,35,56,75,5,54,52,100,58,26,19,22,46,71,39,71,10,64,39,16,41,79,42,91,21,7,2,17,28,69,85,99,53,84,30,23,37,91,72,82,69,18,20,40,93,95,65,43,11,23,49,18,25,33,37,62,16,40,72,53,97,68,59,77,16,7,69,35,18,30,16,0,50,20,43,44,25,79,62,76,96,20,16,96,60,83,76,30,91,5,99,32,64,84,50
57,50,74,33,29,12,49,80,57,19,84,72,40,55,56,24,58,11,4,41,98,36,38,49,25,22,72,1,22,40,15,19,77,94,76,56,62,66,79,23,77,93,42,65,10,75,7,49,62,54,3,37,66,51,23,43,54,2,56,60,68,73,25,75,36,32,32,50,100,42,12,15,8,89,18,33,39,100,46,16,63,35,38,87,16,65,76,4,10,28,18,55,28,69,38,82,49,44,27,97,77
41,72,20,43,69,49,7,99,38,79,20,56,94,72,19,89,24,98,38,64,84,81,95,33,88,54,97,68,46,17,53,84,97,1,61,25,81,37,22,58,73,54,96,5,0,94,59,48,69,50,72,11,12,28,68,57,41,74,30,4,77,72,54,54,0,74,86,83,39,54,45,93,53,63,50,77,24,66,3,66,23,22,51,66,38,66,86,69,15,62,79,96,18,2,63,14,38,26,67,74,17
66,58,19,11,29,72,17,81,93,4,47,3,60,96,0,43,72,32,55,38,53,25,21,20,68,40,52,63,64,66,12,46,34,35,83,59,65,25,57,11,19,57,26,46,5,30,37,17,33,67,47,17,37,12,81,47,85,85,57,96,17,52,69,87,86,100,83,57,54,0,21,16,35,42,82,44,62,67,82,94,52,9,79,53,71,8,36,60,11,5,100,57,43,71,52,67,35,5,54,5,75
39,18,42,58,4,14,45,50,28,78,34,30,1,68,0,48,97,95,41,70,11,20,40,81,32,17,25,50,98,40,12,95,15,7,2,9,51,9,2,100,23,8,32,90,2,33,74,21,56,14,34,19,59,76,69,12,75,27,59,16,10,13,95,60,52,78,2,90,6,52,14,30,81,92,91,7,64,52,33,42,87,41,99,45,79,41,53,18,23,25,52,87,8,40,51,6,13,5,58,93,79
55,66,9,30,32,82,81,82,89,83,19,21,8,35,91,84,16,21,37,81,82,38,77,7,8,93,8,54,3,26,26,6,12,3,0,26,22,0,19,88,48,96,69,35,14,16,3,85,9,93,56,72,23,67,72,51,18,49,48,35,88,73,5,95,52,91,30,66,64,93,45,68,55,32,73,86,92,13,8,26,64,73,53,3,77,74,76,5,33,95,12,75,76,9,10,64,3,66,57,21,19
80,20,1,92,6,57,23,75,70,65,33,17,90,93,44,71,23,3,65,18,72,83,80,32,71,6,79,91,93,82,50,27,90,80,57,86,47,7,9,26,18,15,30,92,8,83,67,96,95,26,66,46,56,5,82,21,39,11,33,64,22,90,33,88,32,25,7,44,30,1,1,21,4,1,0,58,43,12,16,1,29,100,93,56,73,21,58,43,45,73,19,92,66,72,5,83,47,53,47,98,79
18,49,12,42,26,43,19,84,60,24,82,92,56,44,53,5,79,29,94,75,38,46,21,98,85,77,32,31,16,18,96,71,81,9,24,34,62,73,65,94,19,71,43,92,20,100,13,90,5,90,28,41,28,42,20,4,29,44,17,43,12,76,14,1,24,26,84,1,17,28,64,58,100,7,86,11,22,32,2,42,91,34,98,46,2,18,45,80,5,43,91,42,6,22,5,2,70,46,49,56,69
25,95,96,74,34,97,8,84,67,13,93,28,47,46,59,74,7,5,61,85,58,75,85,91,7,85,56,12,47,25,36,80,12,22,86,46,14,76,83,21,35,74,0,70,6,52,24,38,5,49,100,58,39,73,21,79,59,51,41,50,63,85,22,42,17,96,76,68,61,32,80,90,53,91,66,29,98,61,95,16,29,26,0,44,72,92,61,20,47,39,36,92,7,8,7,4,85,3,89,65,37
41,14,11,35,84,46,22,90,96,90,79,21,88,93,43,72,39,9,72,72,13,95,86,17,89,80,20,39,0,18,80,82,73,42,40,74,85,62,24,83,39,66,66,28,40,56,52,30,45,37,28,21,11,2,60,29,30,23,74,2,36,36,8,36,54,63,33,10,23,1,91,51,69,6,75,21,100,12,66,57,35,95,9,84,53,20,5,11,30,57,40,66,9,26,11,91,97,20,55,27,42
31,48,28,14,2,67,69,40,72,35,24,78,64,47,36,20,6,15,56,49,29,66,19,67,56,84,0,20,59,58,37,22,0,30,28,90,85,11,100,36,42,8,51,90,88,38,31,29,32,75,85,9,86,78,86,70,86,43,73,3,34,29,70,95,89,90,53,27,23,66,2,6,73,51,59,44,69,51,71,15,62,66,44,61,62,16,31,11,25,84,32,91,15,44,93,93,79,18,22,100,85
7,44,6,7,33,93,27,96,98,93,45,56,37,16,44,63,22,80,30,96,82,20,73,9,53,60,63,54,10,3,53,85,11,80,82,14,28,9,66,19,47,62,71,47,71,10,57,55,55,66,97,14,85,83,40,34,80,60,21,93,5,61,75,11,50,69,3,1,3,60,43,30,50,44,41,5,62,9,94,5,26,19,78,34,50,65,86,10,12,65,40,4,52,72,76,81,99,48,24,20,44
59,73,75,100,91,28,85,27,34,82,98,5,66,8,33,75,61,21,25,35,15,62,39,84,45,82,13,8,76,6,65,32,11,7,12,33,81,25,55,91,84,36,97,70,16,52,14,99,36,49,87,94,10,40,77,70,28,58,62,63,95,87,83,6,10,96,80,59,27,12,72,21,30,79,90,39,78,0,32,28,18,73,93,49,29,28,85,24,80,33,29,68,19,47,94,50,42,72,54,94,69
76,46,18,51,32,74,85,57,61,47,83,89,85,55,74,67,65,0,24,11,54,99,44,63,25,3,91,59,45,4,57,3,92,55,67,84,97,42,15,89,34,91,33,83,53,72,65,83,91,0,93,22,41,38,73,25,62,80,30,49,27,96,68,67,25,42,47,9,14,95,69,99,12,35,93,12,5,69,99,80,21,82,15,19,49,51,50,51,29,26,52,3,8,10,59,41,13,0,61,19,35
91,25,66,9,74,82,41,12,78,54,5,29,99,81,42,54,55,19,8,100,64,41,6,4,92,85,91,95,22,41,59,76,28,96,65,15,58,75,55,2,69,76,75,10,72,33,30,34,67,80,65,33,11,91,79,2,1,95,73,87,71,61,87,74,45,28,77,11,3,53,57,65,29,10,39,84,12,5,79,4,64,88,50,99,51,8,63,79,59,23,88,46,100,82,72,49,7,93,32,89,38
55,100,92,43,64,5,13,52,56,60,79,36,95,18,40,87,10,66,84,81,26,50,77,44,18,70,62,93,41,53,89,18,35,79,28,31,64,7,89,25,78,28,51,65,96,97,87,38,76,90,68,51,74,48,84,23,12,29,85,57,42,55,7,84,66,3,2,45,77,9,55,8,15,5,5,17,6,19,31,62,1,22,58,55,42,42,81,41,80,19,47,59,43,6,54,64,41,71,36,89,75
5,90,14,90,22,55,9,95,57,52,35,8,15,87,41,54,99,38,99,92,17,38,15,74,6,94,82,63,45,44,77,9,30,94,11,1,64,68,11,82,17,6,57,26,71,25,43,100,74,29,66,8,42,28,0,37,23,55,29,76,67,9,80,89,41,20,68,38,45,97,61,25,20,44,70,2,25,63,60,44,77,57,98,69,65,70,3,76,29,28,33,11,64,5,36,34,31,11,99,20,52
2,63,43,89,32,49,21,96,91,50,41,18,78,44,71,2,36,96,46,82,1,99,49,8,46,59,44,73,12,45,1,57,87,96,55,45,78,90,100,27,55,3,8,44,55,70,18,27,34,55,70,66,16,44,66,24,24,92,12,0,42,76,80,12,74,36,47,35,25,12,70,31,31,1,56,29,70,88,22,88,1,36,21,62,19,9,85,81,48,89,70,99,97,63,52,73,53,15,65,92,100
85,40,88,31,71,35,58,1,17,88,64,95,36,92,73,11,99,57,48,16,29,67,26,62,32,31,71,83,40,52,18,19,77,53,26,40,38,99,35,47,4,39,25,84,77,100,34,64,69,99,42,9,92,2,51,7,3,91,27,42,91,85,37,99,59,40,61,88,90,23,37,78,78,76,64,38,33,90,56,73,44,17,86,21,89,16,78,74,35,1,71,8,73,31,28,15,22,67,75,64,99
23,44,86,31,42,35,40,69,58,40,57,74,91,39,82,96,30,34,47,93,28,63,36,90,19,3,60,62,37,10,15,1,94,27,13,6,24,33,30,68,55,22,3,89,98,100,11,34,16,0,38,42,36,25,17,94,7,94,65,11,69,36,62,3,10,31,74,28,34,3,66,18,91,70,78,1,96,17,53,39,98,61,33,34,94,35,89,19,70,35,64,2,58,50,19,44,78,69,87,33,61
56,100,17,10,12,2,39,13,11,60,91,55,48,1,65,77,86,43,73,56,18,79,92,10,14,38,56,3,46,5,87,17,35,33,6,41,88,70,14,75,60,11,47,85,55,69,65,47,53,43,24,28,59,33,94,72,66,84,59,97,81,78,51,11,16,61,37,21,78,88,2,66,6,98,36,11,30,99,46,6,81,4,21,17,90,65,71,43,20,35,97,65,24,27,25,20,53,91,12,46,66
33,21,62,91,27,79,68,2,97,90,62,76,18,2,8,18,83,94,88,26,27,79,45,93,81,49,69,56,62,73,93,32,64,69,20,36,10,53,90,45,11,6,70,38,4,6,54,29,89,100,48,5,38,49,19,27,53,94,94,82,41,70,21,47,86,23,1,8,29,12,91,73,26,88,6,55,98,61,41,25,60,31,34,51,68,42,75,7,26,66,81,60,13,53,37,65,65,33,49,88,79
36,77,76,2,18,27,41,83,66,39,93,46,54,72,55,98,34,43,73,99,97,22,86,70,36,34,70,35,30,17,76,11,20,45,33,8,58,70,84,96,40,32,57,39,79,2,63,76,41,44,80,73,49,43,43,8,42,75,5,38,23,73,72,43,60,46,49,67,53,82,99,2,97,37,67,26,73,87,10,47,37,95,74,71,52,12,61,92,68,52,14,35,94,25,2,67,38,14,66,62,83
42,80,67,93,91,95,78,0,54,28,99,80,95,85,10,91,99,23,51,47,49,48,89,32,83,5,2,57,97,90,21,68,93,71,13,41,78,62,2,47,70,86,53,39,58,56,68,47,80,86,14,31,77,21,25,21,89,83,61,45,88,50,73,81,98,23,63,21,94,100,6,78,10,48,41,100,86,14,2,67,34,89,18,21,85,80,74,10,22,7,98,12,92,96,49,83,82,50,46,8,38
25,78,31,6,26,57,91,79,31,64,56,34,42,85,84,15,74,29,34,80,22,4,41,52,79,94,36,28,42,15,17,94,31,55,56,89,18,48,36,88,95,82,76,35,83,0,31,84,29,97,0,24,40,20,98,51,87,30,99,26,61,21,11,96,21,38,38,14,27,6,87,89,88,53,81,63,4,100,76,71,39,60,43,79,16,84,67,82,36,61,97,35,90,76,47,64,70,33,91,77,42
9,79,35,11,96,11,47,81,56,77,11,44,82,72,82,6,78,76,55,35,12,24,27,73,62,42,55,79,7,49,56,40,30,96,30,35,31,49,77,20,60,46,57,69,63,91,85,46,56,5,87,19,17,85,51,99,60,81,59,7,45,33,0,66,39,33,80,45,92,100,78,34,42,75,29,45,94,63,41,97,15,31,4,30,76,98,90,6,30,71,98,11,78,42,85,69,88,51,16,72,7
36,9,75,90,56,24,61,4,70,31,9,14,54,22,70,28,1,9,17,63,87,85,91,26,14,40,83,23,52,85,49,9,0,53,53,100,61,24,83,42,82,45,42,56,79,45,14,86,41,30,20,33,45,69,47,88,96,70,89,81,70,96,54,61,87,65,21,55,10,44,66,50,57,1,18,35,70,95,29,15,32,91,37,70,41,76,37,38,99,59,78,100,43,81,32,3,60,93,59,45,84
58,33,5,68,2,5,61,20,51,10,77,56,3,18,67,31,100,99,9,46,100,12,57,66,43,81,2,95,62,55,37,51,72,31,96,74,15,55,69,67,73,5,49,40,73,13,73,12,61,74,79,40,82,8,55,78,41,42,57,63,79,62,4,19,27,17,78,16,37,80,29,35,95,31,71,3,39,17,6,72,17,16,20,43,61,32,28,33,35,61,96,75,61,37,59,92,36,20,82,57,54
38,76,24,53,61,33,21,68,46,89,19,23,35,86,7,0,40,17,26,77,28,26,90,92,58,84,85,89,34,0,61,32,57,27,66,84,23,58,32,43,69,30,16,26,57,49,33,47,78,15,79,55,3,95,77,17,44,12,36,20,92,53,56,23,37,58,72,79,17,93,35,23,20,28,55,78,68,84,62,52,78,45,37,97,47,42,55,93,93,69,13,94,74,93,82,74,59,4,70,68,5
97,0,63,5,13,3,84,68,75,35,8,32,7,60,89,23,34,55,43,92,97,17,40,25,9,28,48,88,18,42,11,44,49,51,79,39,58,83,98,0,54,34,30,87,37,99,1,2,43,23,99,72,68,94,88,67,91,71,92,52,90,30,38,75,78,83,91,45,52,87,27,10,38,45,97,43,58,74,53,33,84,46,8,10,95,82,74,41,71,1,31,86,73,9,16,51,48,73,54,52,74
12,86,83,80,57,17,77,69,99,5,2,92,43,91,25,72,54,13,47,74,64,41,64,21,41,50,66,76,55,46,31,36,50,15,13,93,28,76,80,6,59,20,1,94,9,32,47,77,63,69,33,5,57,69,49,42,73,96,24,4,56,35,65,55,59,1,58,93,55,34,43,58,96,51,87,9,5,87,25,53,66,34,29,59,8,12,14,27,66,66,70,6,68,91,95,91,54,73,89,20,41
45,56,51,43,88,97,69,31,12,68,45,76,25,52,68,90,37,80,23,34,61,16,88,8,76,20,12,75,2,65,32,55,1,91,43,11,100,54,6,78,56,27,11,11,94,38,78,97,45,20,16,14,64,41,30,15,59,67,82,1,37,60,35,77,40,7,23,40,43,58,94,48,70,75,71,17,54,5,7,10,54,66,39,79,71,73,7,53,61,98,5,73,58,67,48,100,3,80,89,22,69
14,65,97,2,97,63,36,74,29,44,97,31,71,45,60,73,35,10,25,66,11,59,12,30,63,5,99,48,75,56,75,11,32,27,60,31,41,44,50,79,72,13,91,79,57,100,23,71,68,94,37,2,69,89,40,40,79,64,100,95,46,83,6,40,43,22,70,22,21,91,9,31,56,30,73,89,55,36,77,30,50,78,85,89,79,85,29,12,59,73,32,33,20,72,26,40,77,54,22,73,99
89,92,3,56,12,69,62,39,25,44,17,65,15,4,90,92,76,40,80,72,15,7,44,69,57,68,17,60,82,56,49,28,53,27,31,5,56,19,86,19,68,27,26,56,65,96,81,86,38,39,59,7,16,73,59,60,70,92,72,9,14,93,86,1,76,43,0,12,68,9,63,86,20,76,58,92,73,30,48,44,35,20,36,97,94,33,7,25,74,64,42,100,33,45,44,44,91,44,26,64,30
80,4,45,81,96,56,10,41,19,96,69,26,87,12,18,23,14,99,12,82,53,47,33,39,66,65,88,48,81,90,55,24,9,62,100,49,11,63,38,73,68,68,74,84,88,84,1,38,50,58,80,76,1,96,25,57,10,99,95,61,20,16,8,0,58,41,18,0,42,57,47,81,82,83,97,10,69,47,18,88,84,16,23,70,95,1,50,41,85,79,49,15,15,2,45,28,22,78,86,4,22
3,24,40,91,8,61,31,2,22,97,87,88,67,88,47,30,19,80,94,84,13,97,87,2,6,2,58,93,90,12,35,69,16,94,22,88,9,80,61,55,50,8,77,39,94,73,65,11,94,21,74,47,90,47,77,36,73,29,56,44,75,39,9,72,70,13,44,44,59,71,18,93,59,48,43,13,98,2,91,1,58,65,31,45,18,64,86,15,90,98,13,2,88,46,81,8,34,70,71,6,48
37,62,69,92,90,96,55,33,32,63,55,83,70,61,83,5,34,86,8,73,48,91,16,6,60,16,52,24,10,10,91,64,74,21,19,24,95,77,23,67,59,40,99,47,3,80,3,95,61,31,35,45,2,63,65,94,31,49,47,60,13,78,13,8,100,65,46,41,45,48,69,99,95,34,25,50,0,96,96,72,30,16,31,46,65,70,81,82,29,52,91,8,98,19,68,20,58,22,17,74,53
68,11,16,83,35,94,65,9,73,35,39,90,80,39,34,60,93,81,40,73,29,97,17,50,33,4,28,18,20,79,30,2,20,88,55,93,45,79,23,1,35,46,83,83,87,9,29,20,17,45,23,29,22,0,94,66,3,68,17,50,82,4,31,68,30,10,51,13,89,28,26,42,34,89,38,65,22,24,56,29,16,9,15,71,47,57,56,93,6,80,68,81,68,52,90,15,86,65,18,82,21
34,19,33,88,94,75,51,96,2,32,84,98,53,44,23,69,23,87,38,75,88,92,34,25,39,67,33,45,52,64,67,33,70,56,65,62,15,15,60,72,89,72,45,1,47,57,93,7,36,10,99,16,39,17,46,63,1,16,97,43,41,8,80,96,27,9,25,8,36,97,36,35,55,29,6,32,92,98,79,69,13,48,77,76,76,57,93,65,17,56,86,44,90,83,50,51,20,93,79,50,96
99,13,11,78,39,10,8,15,86,63,82,27,89,7,68,91,92,55,28,33,87,81,43,27,81,28,13,49,15,90,28,14,22,15,90,0,45,10,44,32,36,91,69,83,79,5,96,8,39,51,87,11,26,2,16,76,12,57,100,46,96,11,63,61,35,85,46,71,13,25,100,74,71,87,38,78,13,81,75,47,11,64,73,63,71,60,91,16,97,37,56,48,94,77,96,49,93,32,3,9,13
60,90,40,55,1,30,34,75,74,47,31,39,49,50,14,37,17,31,70,48,57,94,34,91,89,92,23,11,87,8,70,77,79,89,97,92,8,89,65,93,60,17,8,20,54,33,24,20,17,82,23,78,89,2,77,51,20,8,81,32,26,16,33,100,5,86,22,84,17,81,0,15,82,3,83,2,31,92,10,98,0,46,89,41,56,22,76,6,90,72,11,54,57,28,94,10,42,41,100,68,20
16,18,37,82,74,80,77,50,100,6,54,77,18,5,9,25,59,85,36,57,47,86,76,96,97,82,38,92,37,33,58,41,74,41,57,42,72,38,47,15,75,14,36,41,98,76,33,78,9,62,10,37,55,52,35,57,4,51,66,98,42,43,68,19,31,82,98,36,28,46,71,8,21,85,25,95,40,24,72,64,2,96,80,39,49,100,54,91,47,40,36,48,6,39,100,100,0,8,29,50,63
99,42,39,73,72,16,31,54,15,55,20,38,61,78,45,24,72,15,96,57,63,47,48,95,61,76,17,14,37,8,57,76,77,1,72,96,47,47,2,92,88,64,19,52,78,58,77,79,67,2,14,80,44,93,15,23,44,49,52,27,22,62,83,45,55,7,23,61,64,74,74,92,51,61,58,26,40,11,85,16,34,62,32,57,57,79,50,86,7,34,36,15,12,13,65,66,95,69,85,26,47
22,54,30,27,34,54,6,34,56,73,78,78,60,51,32,50,95,12,15,34,77,74,3,85,62,67,71,88,43,36,64,18,66,1,41,75,57,4,39,40,55,28,50,94,56,23,17,28,27,2,47,7,98,6,41,56,79,90,68,58,77,61,36,32,84,91,79,4,23,11,64,25,25,61,95,95,43,59,47,20,28,64,81,48,8,97,60,53,84,28,11,28,32,87,45,32,4,25,12,42,98
55,98,98,99,48,35,5,84,64,73,37,63,50,17,76,81,83,51,82,78,41,36,78,52,35,94,2,90,55,76,49,9,55,37,73,85,87,95,94,86,10,42,15,87,67,49,24,9,2,88,38,41,64,68,32,4,71,20,8,100,54,77,42,41,87,83,37,37,34,81,66,46,66,14,8,68,62,83,31,20,50,40,73,96,62,42,84,51,95,78,6,61,7,5,56,59,85,79,45,49,31
72,81,39,4,82,100,49,79,77,55,28,78,49,28,6,60,60,0,21,96,37,6,71,26,49,11,96,77,23,61,24,23,3,29,83,8,1,79,27,49,97,34,66,69,52,26,12,82,71,43,20,18,44,68,28,39,59,54,79,86,56,7,9,14,0,57,19,44,22,38,2,68,51,29,25,81,70,76,81,24,65,53,94,25,37,23,76,93,11,77,9,68,31,17,46,62,86,8,89,71,2
84,47,80,81,79,6,94,39,95,93,93,18,59,34,18,43,53,25,32,50,20,91,35,34,18,6,87,82,88,69,83,23,62,67,94,50,99,85,18,24,12,17,38,73,76,3,88,0,55,95,1,39,35,77,19,83,73,58,62,60,69,86,45,62,75,39,61,5,96,12,94,76,78,74,11,64,61,19,62,5,47,7,97,38,21,74,8,52,39,17,98,76,63,2,92,51,5,29,28,19,55
24,99,54,65,36,56,55,15,21,15,73,47,35,72,4,45,47,59,26,81,24,94,39,89,61,78,17,90,66,75,73,36,32,9,100,99,2,43,12,57,63,33,55,66,14,9,23,28,52,98,8,27,89,10,27,64,60,37,22,48,8,56,44,71,14,27,39,49,61,16,58,35,46,42,15,9,76,9,1,97,87,65,90,44,43,80,36,34,76,64,31,46,50,63,51,10,53,86,48,41,14
45,78,70,82,85,41,61,24,16,77,50,28,48,42,8,50,5,42,99,17,73,99,87,100,90,73,49,74,83,28,62,94,58,16,1,17,63,19,6,54,70,92,92,86,73,31,6,58,77,91,86,91,44,19,42,87,88,47,42,36,10,72,65,49,30,30,14,34,5,79,35,21,24,26,10,92,38,60,41,10,79,39,14,66,75,84,14,57,71,22,67,84,92,36,34,62,4,77,50,7,4
98,12,7,19,6,98,96,82,100,76,37,58,86,97,68,95,4,81,2,14,53,44,19,79,74,12,22,85,97,11,95,55,97,22,1,31,92,15,63,44,93,55,41,88,78,67,7,73,24,23,7,9,97,78,35,25,92,31,51,19,19,52,53,19,31,31,58,61,48,47,43,62,1,63,33,39,46,14,8,2,74,93,73,0,15,60,13,59,9,29,63,72,40,74,33,70,32,49,37,39,10
32,88,64,30,63,59,92,72,7,50,17,30,49,36,32,100,13,28,31,55,9,72,52,50,59,13,39,59,66,3,90,15,8,97,61,69,7,98,20,50,71,82,11,19,7,70,90,66,95,5,49,11,39,100,33,90,97,54,44,10,48,51,76,3,16,49,37,96,20,55,17,61,10,59,36,62,8,43,21,96,87,7,6,87,21,61,38,26,10,48,40,72,96,87,14,19,45,7,36,27,72
6,68,22,15,22,72,48,74,72,92,65,71,9,90,41,3,73,79,4,81,75,28,9,40,81,4,0,91,67,55,26,45,1,5,58,64,78,95,6,90,85,40,96,81,71,45,28,24,7,30,15,64,100,88,80,13,80,54,62,5,62,68,81,43,97,51,99,43,32,84,19,83,92,3,97,45,97,73,73,8,55,4,95,63,3,7,0,10,48,64,99,31,31,81,94,21,81,3,10,39,40
86,61,44,94,58,31,20,33,86,66,22,27,20,1,87,40,90,52,47,63,23,24,58,42,29,94,8,13,15,54,54,30,15,80,44,72,4,90,88,97,80,63,83,47,64,46,51,97,49,59,94,80,40,5,76,16,65,69,6,67,64,75,93,99,66,58,24,40,82,65,37,58,32,65,71,80,49,43,1,19,17,51,51,51,1,8,30,55,51,65,26,32,73,4,66,38,48,22,10,37,43
56,69,93,65,97,83,64,10,43,70,57,96,61,56,19,50,76,58,2,34,37,89,8,36,57,92,70,62,13,76,15,53,40,41,80,99,53,44,54,38,7,30,34,43,59,91,22,89,60,43,56,34,8,42,14,64,63,75,98,81,9,19,63,100,19,35,27,76,27,40,35,13,73,36,52,91,79,56,30,93,21,37,85,87,53,10,24,40,84,11,87,80,38,38,66,35,13,66,52,44,43
23,81,3,4,4,3,47,99,30,40,4,6,20,97,58,43,37,6,88,41,44,41,62,35,77,83,83,100,37,98,13,97,90,56,37,78,54,35,47,55,2,12,24,84,58,98,20,42,33,36,37,53,80,25,53,92,24,12,28,48,81,44,34,23,66,39,79,84,81,59,34,58,48,16,68,4,54,33,94,15,31,38,30,26,76,80,27,61,15,4,28,33,97,52,63,14,97,27,82,39,19
69,3,16,6,8,81,2,80,22,83,54,33,79,81,15,100,82,97,25,84,93,34,87,86,92,0,12,49,62,72,80,98,6,24,29,38,33,89,2,11,8,77,64,60,93,62,14,66,3,79,2,83,34,100,20,88,8,53,17,92,48,48,1,89,80,35,84,43,98,5,85,7,21,95,17,89,67,55,32,54,5,22,38,25,92,90,87,13,98,36,40,40,96,21,40,22,78,89,6,59,53
43,60,28,35,13,51,80,42,47,11,27,68,16,13,32,70,96,67,35,35,74,1,82,43,53,18,16,4,67,40,21,0,46,10,92,29,48,66,58,2,100,26,16,48,46,77,81,100,84,38,83,29,36,44,81,44,79,61,63,85,35,74,89,70,0,8,95,65,27,69,16,88,96,21,84,3,93,93,97,40,54,5,33,9,31,45,96,0,51,30,45,42,74,33,22,78,60,21,63,79,78
95,9,100,25,91,43,99,57,1,90,19,14,21,2,26,78,91,38,91,6,5,51,6,48,94,91,57,65,3,42,66,86,81,61,30,13,88,50,89,91,55,52,21,84,92,17,9,23,5,13,82,3,20,42,76,34,31,10,1,34,40,66,20,25,57,66,63,79,32,16,11,18,36,86,99,36,92,75,100,65,64,48,30,63,16,26,36,19,1,78,77,61,31,95,14,76,15,56,7,75,67
